Angular Second Moment;Contrast;Correlation;Sum of Squares: Variance;Inverse Difference Moment;Sum Average;Sum Variance;Sum Entropy;Entropy;Difference Variance;Difference Entropy;Information Measure of Correlation 1;Information Measure of Correlation 2;Maximal Correlation Coefficient;Label
0.011910611477561905;64.48801511137538;0.992531237299022;4318.215721829765;0.34443901187899173;204.7638490154027;17208.374872207678;8.23538840876702;11.264146822094283;0.0004662615961098053;3.6455680305506;-0.4622316745374791;0.9993631464362109;4.50219791584032;0.0
0.01040262277617542;97.85814386293731;0.9882702310835074;4175.235675652692;0.3570957728519789;228.31805952037672;16603.084558747836;8.199507794057155;11.126599324426095;0.00048295720646132515;3.6092116245678145;-0.4731152656530438;0.999442848957303;4.502052823988615;0.0
0.006448998903024987;51.01008181949245;0.9952463988731957;5366.957655786916;0.33811565101089747;249.61487423707226;21416.82054132817;8.550109805280933;11.557397917742755;0.0004637642748296023;3.617249187588047;-0.48290946187775396;0.999646594301728;4.636262183869773;0.0
0.003705985354171515;74.14166411356202;0.9917106020112636;4475.007543124664;0.316543657978487;206.67907703767779;17825.88850838509;8.598872448450992;11.823031732135494;0.00041518446787839193;3.7894305718805725;-0.4549757152603135;0.9994591799293319;4.575516043649202;0.0
0.011004784116402868;148.6880151564302;0.9862443382025665;5409.731224233816;0.4734573756285835;251.46414455978467;21490.23688177882;8.045095788760285;10.40790150977537;0.0007138761334491463;3.229128157210302;-0.5420062616704947;0.9997501143260862;4.220321591786038;0.0
0.003762401448355224;55.967786683607216;0.9947383896539567;5320.727294188377;0.3354286052520855;265.66576171124086;21226.941390069893;8.654679254406338;11.642067601140136;0.00047489077774533987;3.5677588568807987;-0.48876257370783904;0.9997040059360807;4.4960426662105295;0.0
0.0013646043052465663;61.48064812812375;0.9924238828681089;4059.56505720952;0.3207349282798622;271.9532750925125;16176.779580709943;8.668927668494419;11.75501330112867;0.0004911791154622282;3.6051586677596497;-0.4725682237406195;0.9996089874188646;4.569254906968459;0.0
0.07947065333894018;168.25859472618697;0.9844127454983946;5397.814897053396;0.4905538960148316;158.17033618379946;21423.000993487396;7.03150005650091;9.524686334148678;0.0007343678817631797;3.4557892176592317;-0.4880843905120703;0.998817943399048;4.614486129956911;0.0
0.0024572925280176494;58.939711048635075;0.9935736309247862;4588.332927777243;0.2930360088214694;234.38432976499422;18294.392000060325;8.671496359341745;11.95396149687372;0.00040207560412233376;3.7877194750176866;-0.4498961661475883;0.9994542987545383;4.658230749103502;0.0
0.0008704682912357738;47.45792913182425;0.9944717490728551;4294.867605028531;0.33195991739295755;315.66207465277773;17132.012490982273;8.553910204750483;11.558125351363307;0.0005013337096549306;3.5177189208786395;-0.4727773915204402;0.9995575846777949;4.524368016218421;0.0
0.0033905227145171017;44.98872937992593;0.9947785025075894;4310.279206746161;0.2945799882968174;219.77480892264992;17196.128097604706;8.635533979787422;11.847381420065492;0.0004185741179626465;3.669207069647662;-0.45854830511878175;0.999520751958694;4.529418513547705;0.0
0.004807468172526979;77.81397172962318;0.9919644511106851;4843.5184646436455;0.3580066836879713;181.69561812163587;19296.259886844957;8.48365373535093;11.475342979191456;0.0004804007937570595;3.628451606536789;-0.4790011460445778;0.99958491109855;4.388021292988899;0.0
0.006527203246580895;65.098147797722;0.9899628397374112;3245.799012984361;0.3276063414307974;213.6581085700211;12918.09790413973;8.099086040457298;11.055393900276801;0.00047522658715096373;3.4622393385702197;-0.45716358876305807;0.9992266825585585;4.299331303310715;0.0
0.0008153017228845208;43.458523119112826;0.9915455817736832;2573.049379236064;0.3370334167373195;335.92114407619664;10248.738993825136;8.387351801602236;11.368444131627836;0.0005197329672558471;3.459568355564459;-0.4633588088349131;0.9994033162476595;4.2572384316712455;0.0
0.0008018471547645809;137.24732445153302;0.9756057733414987;2817.0418073793826;0.32778753267735544;228.1759132455065;11130.919905065994;8.468976623603313;11.704668703364828;0.00045838716551764136;3.749707736942626;-0.4401891347075571;0.9992189242235603;4.331526496415881;0.0
0.0007615325055061325;82.38107778558724;0.9908437790929739;4500.966966044959;0.31362606055157416;257.57875908604865;17921.48678639424;8.776789470764937;11.944809782760544;0.00045730156204832294;3.711546309060414;-0.4684939485019424;0.9996190112749991;4.583661466687736;0.0
0.0007721439331212916;70.96945099240669;0.9917890073490471;4323.587333855763;0.28504229923462354;217.54058499134948;17223.379884430637;8.737402496652388;12.077707513389555;0.00040439389967631784;3.784599840097988;-0.4441397246654741;0.999418944624918;4.49914218567187;0.0
0.001265789833247025;39.84997867406764;0.9934613314245386;3047.38105835035;0.3893403953584691;347.82862204440596;12149.674254727324;8.440081507584688;11.16272515464222;0.000590661612850267;3.3633453602549244;-0.5021055461701376;0.9996847294716849;4.659822194741144;0.0
0.0005519935773813262;83.69770020845343;0.9909900877797946;4645.8792274328325;0.3176805853947013;261.75422486243264;18499.819209522884;8.83224406495777;12.02513502615058;0.0004616643568906107;3.704636215716343;-0.4676528456277288;0.9996322229538921;4.5855995254143265;0.0
0.0030818929044821664;57.790164645208534;0.9938251238342717;4681.3795332954705;0.29451808801188517;223.4466159800317;18667.727968536663;8.634572183382486;11.863841762909361;0.00040913855834628986;3.723917700097309;-0.4557779217878974;0.999494593285655;4.596943420999187;0.0
0.01219796162401961;210.31738730296033;0.9789297789019183;4993.439199802457;0.3906454805963208;239.37039972606684;19763.43941190686;8.116582822755861;11.035376907330466;0.0005074381274017985;3.714687617758658;-0.47528829196998074;0.9994199707557765;4.579528282880975;0.0
0.0016576494670994557;58.6626234501153;0.9928484087272235;4103.486886268905;0.3417361418615495;211.79763888888886;16355.284921625505;8.606291574861269;11.585238415764241;0.0004993331374473386;3.505246570996594;-0.4829343945404469;0.9996490545627019;4.214511357802078;0.0
0.0007891279008798344;84.79197578755762;0.9906529343893813;4537.058833029542;0.3026875469430196;260.9487614889706;18063.443356330597;8.737422073656873;11.958166627299727;0.0004342906485736678;3.709099769952526;-0.45889813567824883;0.9995446662507241;4.607863360970317;0.0
0.009262518767268442;82.5960272941897;0.9895683526693448;3962.5891261308648;0.29968791990556465;247.87817908076215;15767.76047722927;8.209643375808025;11.502592591235961;0.0003881962936346851;3.8058358168105717;-0.4240109009293478;0.998884832522309;4.415277146187783;0.0
0.0035913125828252322;38.70893603121392;0.9959955032854139;4835.146135850003;0.3619058917150616;269.9749446877403;19301.875607368787;8.634666625106126;11.503300153121396;0.000543166855606558;3.4227694683010186;-0.5032029444415879;0.9997579745863733;4.370268230120584;0.0
0.00046445373155233854;83.73186516303824;0.9820550564275873;2335.070062778207;0.2675557044090543;308.89278337958956;9256.548385949769;8.457855257137123;11.907122666045002;0.00040866997925711204;3.7949624687832344;-0.4060384805354357;0.9986811648042259;4.425068132355358;0.0
0.0023419067975223866;75.76995141592167;0.9916424285744931;4534.142946206183;0.30709348141728227;205.0562625102124;18060.801833408816;8.581351966054715;11.868035933532429;0.00039558169112352385;3.8319767868668593;-0.4442380407605351;0.9993373900339874;4.675085742584906;0.0
0.0034708210749876127;74.9502693975874;0.991557670238946;4441.855318162633;0.3135061065268879;205.15635152345249;17692.471003252944;8.564887372128506;11.75154756525155;0.0004155669562590117;3.7396788973255664;-0.45757683913228664;0.9994771570941845;4.542767132591734;0.0
0.0013813365831357094;233.07666933991726;0.9740428411005393;4498.342392300711;0.299422551240093;280.4832758734621;17760.292899862903;8.6459199476547;12.017964041504328;0.000374882110404427;4.04535173865349;-0.4324740132448981;0.9992343399840358;4.781864159057215;0.0
0.0005139666910529092;66.51726325211453;0.9927861586566801;4612.020089945503;0.31894403269856414;263.77717155060554;18381.563096529902;8.8628536158311;11.951478893338695;0.0004837383887302861;3.5923444808110228;-0.48230340040878544;0.9997153398292331;4.486659271402829;0.0
0.0017276712079152515;42.81724128039692;0.9954569678445635;4715.074881441118;0.3432133210883783;242.48053745854958;18817.482284484067;8.715538241754405;11.663261549247165;0.0005044011315880637;3.4805761104525517;-0.49555373480475073;0.9997421311495014;4.235326861160714;0.0
0.0008549193402005559;62.94847839472794;0.9938417340486507;5111.580765559303;0.32676040850864335;289.85864320513747;20383.374583842473;8.723953568732737;11.72757040003313;0.0005033747909407794;3.5341941227133633;-0.4845132147551016;0.9996887603506266;4.56411321327295;0.0
0.005888648618961502;53.86064281165893;0.9947661674037886;5146.745268407283;0.3468241846246851;224.25341821655132;20533.120430817467;8.471066434103685;11.447117028145616;0.000478468929374653;3.5996674003993627;-0.4838032023460273;0.9996222327693528;4.516075828564758;0.0
0.002059945566362222;57.47914687259701;0.9931644940819624;4206.520000675824;0.3018867607362559;222.81597759876007;16768.6008558307;8.5782783570316;11.854973388154141;0.00041603848543565346;3.7596643143034165;-0.44532460452122596;0.99936537661216;4.524575470394864;0.0
0.0006298530544446112;59.80181381559974;0.9890648073785612;2736.027253289931;0.32305424253598236;205.2081240388312;10884.307199344126;8.416662558185944;11.575052167401331;0.0006251870604258009;3.567319748168512;-0.4418274622151659;0.9992175598278816;4.259502436526601;0.0
0.008970834057800919;62.475716130814995;0.993046884377875;4492.937482451051;0.3683618676661579;156.0660085063437;17909.27421367339;8.221011831242857;11.190989709835108;0.0004726214004793156;3.6543188315095003;-0.46869215984871676;0.999388852740646;4.4577278907643265;0.0
0.0016222646609479008;49.59625378460203;0.9947436205501077;4719.930887460037;0.3168914750103652;215.84497879421374;18830.127296055543;8.741953560805026;11.848000285830201;0.00045680917277656483;3.5884373018179514;-0.47606987196001815;0.999660803297627;4.329788905806358;0.0
0.001394096185231895;26.839852325427714;0.9929982582777614;1917.6940057519619;0.4141468515303083;219.7942995332324;7643.936170682415;8.16137557993978;10.659827800969738;0.0009018115264142572;2.98772481408023;-0.5162010757913257;0.9996618039930674;3.7666056901099085;0.0
0.0026917085233250674;261.46874837802767;0.9695734686690128;4303.9621763298655;0.30585805349643963;250.7914903522683;16954.37995694143;8.546660771998152;11.82035194034303;0.00039809470600831777;3.9301262544012037;-0.4415322957501424;0.9992660797365163;4.590550675585914;0.0
0.0011073358438939604;45.11806420607456;0.9927730112357537;3121.0228364370787;0.3849764589301626;215.8896785491157;12438.97328154224;8.366898130169549;11.137098052811771;0.0007438026551120762;3.3148737611924766;-0.49087152663689737;0.9995703941880489;4.209012330586631;0.0
0.0006046528305328702;169.60200388672627;0.968043607701067;2661.611565823613;0.31120082873999794;281.1298366313437;10476.844259407717;8.503879974318195;11.621629070253114;0.0004982159485361749;3.538895453378494;-0.4543390372328736;0.999391155363698;4.045336635349727;0.0
0.0029313832360517668;81.1550877967608;0.9896738559473892;3933.162086173595;0.3199899083127356;207.30675896890614;15651.493256897618;8.49967633429208;11.678686235973217;0.0004242290231855331;3.7330295995425495;-0.45537789620680735;0.9994234367007746;4.4957957133431465;0.0
0.0006206458664047624;97.55992247573043;0.9887439058110465;4336.636511898008;0.27565023018936213;222.2231511017397;17248.986125116287;8.728770630604338;12.154249960270903;0.0003880536367636762;3.8891168586722475;-0.43183264420198897;0.9992760276719748;4.728713974495484;0.0
0.21132344550776855;123.48307470383986;0.9909645969359325;6832.488773856425;0.6506928719809009;148.79620571114475;27206.472020721863;5.6148377596932;7.194042077071586;0.0013528830304994862;2.6028825663362882;-0.5753746378497098;0.9984392097122345;4.233377617507683;0.0
0.0011582387572805183;57.402979037509596;0.9890097973280301;2616.120461893862;0.39400648689458295;305.94993895076414;10407.078868537916;8.309963242173415;11.026745178998368;0.0006167889102177959;3.3300049250902894;-0.49301221913387105;0.9995907980047511;4.300086206892367;0.0
0.010832124557374409;80.96785892144845;0.9913831375720192;4705.548389164598;0.38358759266299286;288.09805163578915;18741.225697736925;7.866735277445623;10.633514144881339;0.0005291693559256537;3.501325572334351;-0.4703316555617358;0.9991917772137255;4.508200165385221;0.0
0.0005980394082507566;62.9580566368704;0.9925664358980677;4236.466190173152;0.32229795261571625;286.48851340229714;16882.906704055717;8.761582275434815;11.842252125671616;0.0004861012324202422;3.5852928380250457;-0.4767481004325117;0.999657547103325;4.494159043108718;0.0
0.001584245118825232;79.46004190095151;0.9900771132069478;4007.4418771319097;0.30030172582741343;213.39127832444248;15950.307466626684;8.646748760254548;11.904179094362133;0.00041401247211672013;3.7496912144943875;-0.45096894656573483;0.9994392403366015;4.5138981233833295;0.0
0.0017619924986966998;51.5577927660034;0.9940101018992643;4305.73429035026;0.29181104382515005;244.39908295487308;17171.379368635033;8.69395283221397;11.91420923637099;0.0004287276079898015;3.6898628781662164;-0.45778035694729025;0.9995305711191946;4.599356735143237;0.0
0.020537445153050463;161.8494560835976;0.9878237857745831;6647.76128743988;0.4416495769107368;228.7227024611928;26429.195693675916;8.009630897917763;10.6777706030639;0.0005992671654916388;3.6122046944418456;-0.5075506854922769;0.9996130294203108;4.697477978897796;0.0
0.0008414989429594666;133.47596116878117;0.9852047604958678;4514.061581192378;0.3073985028216503;274.3015315023068;17922.770363600717;8.64232249124321;11.912922637419276;0.000425541301655786;3.8541836111928696;-0.44557654855895124;0.9993728055385702;4.625550932388989;0.0
0.0013739239236977296;44.86148859513163;0.995724401252926;5247.270488441059;0.35815556636992985;286.3277667994281;20944.220465169106;8.775093017747981;11.633325437128674;0.0005380969284406528;3.4406592903708315;-0.5088360933061626;0.9998023653379261;4.5709202775405675;0.0
0.0009385045914135726;115.51458303296803;0.9842539077797898;3674.7430031130452;0.3256500444520694;321.391774768118;14583.45742941918;8.549145575967556;11.718374544592304;0.0004515801157972299;3.751985503038711;-0.45100670934490394;0.9993900575826576;4.67735824042687;0.0
0.003584744530905503;91.4378665507256;0.9903529930998647;4740.352549986585;0.30598556593247495;191.155862123342;18869.972333395606;8.552589551892051;11.869083944557424;0.0003992650314333252;3.9094477405932393;-0.4399104265898283;0.9992891634279027;4.824237548920394;0.0
0.0010982426895057857;119.0943155426999;0.9822267762617889;3357.4753421219193;0.35325089490893347;338.01394726487405;13310.807052944969;8.410774268698743;11.375994619963823;0.0005156430359488829;3.5884272950204146;-0.46943916287225784;0.9994586366766651;4.574272978831026;0.0
0.0005877463427107165;83.35784166546516;0.9893029607148417;3898.0281912401733;0.29719021861105377;270.6145702674452;15508.754923295226;8.724568564678066;11.963531033547088;0.00043666262023734324;3.7164903454789258;-0.4544692664063799;0.9994987531348475;4.493722763980691;0.0
0.00600707895743509;65.8759789353854;0.9923147966155528;4289.51753697354;0.3441128443993526;280.87102053597175;17092.194168958777;8.20481264507301;11.24195695376239;0.0004655094351742027;3.653228965788323;-0.45294295560923614;0.999246500511931;4.712917908394268;0.0
0.00035928011130580346;66.39307183535172;0.991253432994932;3797.291121902623;0.2533405507014684;244.04752063509224;15122.771415775132;8.737517632075791;12.224348671298003;0.00038608168738479744;3.8026730451868946;-0.42244312395964606;0.9991810849356751;4.6035650839699915;0.0
0.0013419097429987303;79.41388618560165;0.9906426079635986;4245.764031669914;0.30670507343812786;238.44581744401188;16903.64224049405;8.674229565032984;11.860871185860027;0.0004378552304585676;3.6892345515157237;-0.46115133440856254;0.9995376098615676;4.441919732768397;0.0
0.0017556698603423287;57.56688719482889;0.9919264368234446;3566.2727801655983;0.34806914559716057;211.72354839484808;14207.524233467555;8.50948665174278;11.459931944801365;0.0006305922917199185;3.4683110309055056;-0.48018497719229203;0.9996085311643282;4.368700063769063;0.0
0.005472272971323199;73.88100526239903;0.9937448635548104;5906.893272281484;0.36895298358874434;248.02528204296422;23553.69208386352;8.551813186237263;11.427941253306543;0.0005172798035660337;3.525022998617972;-0.4987954966488827;0.9997233607430248;4.473638023864474;0.0
0.012508245030532439;50.95302051794975;0.9948902830607318;4987.281678017123;0.33143676209541434;216.83593742490868;19898.17369155054;8.358118674512305;11.430441820337597;0.00043918563783410783;3.6801929821880286;-0.46599589050805934;0.9994618617016597;4.592654243979477;0.0
0.00045829418337602654;82.93196715205684;0.9898997852051049;4107.156913056982;0.28376549491957637;255.97117211529218;16345.695685075865;8.795370164693768;12.143265866919748;0.0004239564357087475;3.7957762424010717;-0.444677294745196;0.9994288756556954;4.698370568833002;0.0
0.006932523167394631;33.495773305339256;0.9966781807947734;5044.920350708166;0.3747412513623709;251.9954323907872;20146.185629527325;8.495435283462609;11.224470050030476;0.0005579071422841038;3.330009425243327;-0.5167916664814605;0.9997818369599156;4.251030201298491;0.0
0.000763830857182087;106.42872415357071;0.9834086455062844;3209.332696886342;0.33153464062975374;272.12548603601977;12730.902063391793;8.582742799838632;11.637523081467908;0.0004957725275149793;3.5843036129841117;-0.4693602805424949;0.9995452555145447;4.38860343390367;0.0
0.004517106781802699;87.67490105968852;0.989074424792169;4014.8793420647967;0.34185243168829677;198.4182471885813;15971.842467199484;8.454634870454564;11.553536517518781;0.0004466075036485754;3.692701733854888;-0.4640246412146609;0.9994601533111814;4.433920257662704;0.0
0.020270799298110886;58.38227020556991;0.99445421873248;5264.942698658266;0.38394872585840106;190.07223452217897;21001.388524427486;7.987132734401442;10.858466230459978;0.0004911804475121932;3.6237333281348194;-0.47865025073053347;0.9994047242505342;4.725391820045553;0.0
0.007332930939249929;90.28142810157146;0.9902211741106319;4624.383809531546;0.3657256458866296;304.78040604875525;18407.253810024613;8.134225250290719;11.048743674031995;0.000488520936727209;3.6442706948635215;-0.46575259666363517;0.999321638545279;4.636397847351686;0.0
0.0015254760915182973;83.03055061454728;0.9877088356760892;3377.689451979963;0.44500922072190086;207.65544984200787;13427.727257305312;8.56782020568253;10.891927545668628;0.0008730568278366307;2.816918349695556;-0.5677787448735269;0.9999020649145742;3.269245888105194;0.0
0.0012276552286981746;105.63449532631677;0.9872236231285842;4136.334509309657;0.3155201999730638;243.16654883338134;16439.703541912306;8.711940773796636;11.835588652727397;0.00047230812208449936;3.6275229393212696;-0.47002449894615916;0.9996035549513848;4.312897900710278;0.0
0.0016281792297355299;102.35317212730678;0.9846587762700225;3343.207017358466;0.3641645722052134;338.82724982578816;13270.474897306558;8.351814529128145;11.239248453459082;0.0005307454151551088;3.534390876281317;-0.47727179277970544;0.9995090205120939;4.481199758457133;0.0
0.0040360115487068126;60.79321914948572;0.9931309030535898;4427.439057742817;0.3767435889294068;233.25649102809015;17648.96301182178;8.538358090148972;11.345605712597607;0.0005564743224689298;3.426053114092034;-0.506434581488146;0.9997454926413154;4.242753361256598;0.0
0.0016998747264749738;22.89270076412917;0.9935941799245883;1788.4051896095352;0.3950079492013577;279.8872271181757;7130.728057674027;7.961950588149316;10.59042034623062;0.0008037493689482144;3.0777969595904473;-0.4835675154899095;0.9993630851368666;3.6263480344788777;0.0
0.0005833559028617538;93.79481960063434;0.980734644710674;2441.5989815824923;0.28977224581673927;300.04465980632443;9672.601106729322;8.46937503300705;11.736990700729503;0.00044840953337137477;3.659500106683583;-0.4306449273231633;0.9990992856304931;4.3679739127244614;0.0
0.004800864941792739;60.82194016423964;0.9933052410790472;4544.280758218107;0.315486845942848;212.61959830654072;18116.301092708185;8.444591476071022;11.650787732927894;0.00040722884847334013;3.7734527987147537;-0.4498197857170977;0.999347729275514;4.7025159283554245;0.0
0.001127073559193979;29.89662864042674;0.994721983197415;2835.838792352184;0.4248640333932649;324.2010339472799;11313.458540768312;8.350226192113006;10.854854438426727;0.0007009565506922907;3.098062571219146;-0.5256022923367616;0.9997571372716105;4.168973827150661;0.0
0.0015992581889111655;25.673193798659163;0.9956139011856413;2929.1051626076205;0.462413800188308;331.1727006289648;11690.747456631838;8.24739909828066;10.491271754968333;0.0007993101105216368;2.86897002280407;-0.5560520203918073;0.9998285588370288;3.806437646539341;0.0
0.003970752544152857;81.632089445766;0.9904619651688638;4283.280628733911;0.32673898188138295;215.1434694738802;17051.490425489872;8.526439539707319;11.664498452536307;0.00043243611952352803;3.7171911391329173;-0.4638854477359828;0.9995051924746926;4.545801311574085;0.0
0.009839781452250188;85.58387342007879;0.9900920607649752;4321.400653540681;0.34353569548040613;205.71660659361783;17200.018740742635;8.264979570376187;11.322520883898987;0.0004484434329490217;3.7100109173480753;-0.45999701399765996;0.9993687083420772;4.710946412525322;0.0
0.0008983165767809853;40.09357985810743;0.9936034806130987;3137.252663292319;0.3585724012712379;340.8060634281286;12508.917073311146;8.429255273423655;11.315841673194912;0.0005424503190111566;3.429416356494302;-0.4794358413863516;0.9995447037960989;4.404756542015097;0.0
0.0030803884339050667;48.029345609260815;0.9955746447398457;5428.3257675347995;0.35537852064369285;258.2363136023404;21665.273724529954;8.64115991022547;11.532536143357742;0.0004987655323164881;3.528282202459239;-0.4995348966058043;0.9997442004232562;4.519917684112878;0.0
0.00529822323374244;53.458270286668544;0.9940930380478592;4526.970206373071;0.31051743824382816;220.39448111904073;18054.422555205612;8.57135186330548;11.75547181207504;0.00042227900514628006;3.7101638914502555;-0.4598684830147557;0.9994976782434679;4.588090981719295;0.0
0.009268426962812312;111.73452850165799;0.9893565394605406;5250.554486217168;0.40012143956261564;219.99454589280563;20890.483416367006;8.356443107659405;11.172731824668919;0.000557393108680386;3.559734170940406;-0.5022723896615545;0.9996810611801982;4.448954888959824;0.0
0.0010475315686107223;53.608963424524205;0.9885524271511326;2341.7700576173365;0.34421367292640503;356.3358650368848;9313.471267044832;8.274680747615115;11.279263683748276;0.0005150670657621814;3.526791268235731;-0.4519975030258341;0.9992039524509644;4.412179511759808;0.0
0.00323647063578726;142.43062321282676;0.9762474598229861;3001.387917785479;0.31052863765730393;240.72405996191364;11863.121047929102;8.275295560056065;11.569267830139818;0.0004035642847939451;3.849813802919466;-0.42185161506724245;0.9988663585414492;4.588206769839253;0.0
0.0009467841016693673;86.7308910785515;0.986424904987222;3202.4076273986475;0.34268596215728453;330.8133165579344;12722.899618516029;8.406132879225478;11.399915651984301;0.0004995696448004337;3.5642350138070005;-0.4649809165764532;0.999420425965733;4.516456382006253;0.0
0.0017321218748859197;23.31155140150422;0.9922956369651714;1513.0636695310877;0.39246484714196195;208.25385604394944;6028.943126722841;7.742055469596018;10.362707561697492;0.000892081856094172;3.0355260512816242;-0.46619170208437266;0.9989822674471528;3.5227331927012955;0.0
0.006398257053034953;68.93410847090057;0.9929641181107565;4899.812573791916;0.34299187668621145;253.65429667976258;19530.31618669675;8.481296151187475;11.466542549325794;0.00047237811429128257;3.594249225339957;-0.480012984603626;0.9996047833103237;4.5076431600976195;0.0
0.000529476213337457;50.05279539419931;0.993665118659897;3953.9453358635174;0.29597128833158315;260.5757490358276;15765.728548059877;8.749456451869731;11.938809919704072;0.00046189857843388285;3.6328176400104257;-0.4619399065058204;0.9995678375368072;4.549277291669546;0.0
0.001290491667052726;55.88465028474624;0.9932179649401096;4123.916535053998;0.3829848684353754;261.50518814878893;16439.781489931232;8.305236735856997;11.087693862771165;0.0007105790037823752;3.332291071828771;-0.486428919000539;0.9995368035647519;4.150623661763692;0.0
0.0014812747397676318;163.44719685637727;0.9789478621581429;3884.4417021205445;0.30317932594865127;242.74970809003744;15374.319611625802;8.670400884970627;12.077774997803283;0.00039119658152316904;4.0113432318938536;-0.43374758578375927;0.9993048336077712;4.821364130693932;0.0
0.0008377079708753016;75.68742321162532;0.9925389981713928;5074.632276208768;0.3218324279379101;253.8324798304738;20222.841681623442;8.731921900549656;11.815162664573283;0.0004693685088880823;3.5978899862038087;-0.47539386636075576;0.9996470892034865;4.506111660543196;0.0
0.0007905451659308911;74.44582908316508;0.9925028541310215;4966.66001639268;0.3172839433477937;260.8339364517253;19792.194236487543;8.803360761983955;11.921099168830189;0.0004671179994038485;3.6437842831396945;-0.4756515482011773;0.9996699535413867;4.506526193454125;0.0
0.023620741948839417;44.99490533989326;0.9962772919683829;6045.069220713924;0.38069183251219724;222.18592766303826;24135.2819775158;8.091777031532168;10.843196660228255;0.0005295759280663986;3.4713078654847647;-0.5002566650227919;0.9996071027082248;4.549769133776258;0.0
0.0031710257165048885;61.14682494413204;0.9932714582024683;4545.265675316799;0.3991559950086811;234.98945079716935;18119.91587632306;8.584778500406475;11.30349532134753;0.0005931190795908019;3.372332813279567;-0.5204648854445667;0.9997996162813085;4.2422739963060785;0.0
0.0008616345023969526;49.445945880190294;0.9881880773928975;2094.3138899538026;0.33103543825254056;354.0735458717801;8327.809613934998;8.274531015884989;11.326936248554485;0.0005046643308128726;3.536204131025072;-0.4450149979307676;0.9991383511848295;4.510029309246322;0.0
0.0008650601251652577;30.402183820525753;0.9933738165365094;2296.2302841330334;0.3941115228637954;226.36696932970492;9154.518952711602;8.461114052176889;11.03013585045524;0.0008037125681987135;2.985536424447583;-0.5248857823851427;0.9997814607849667;3.572580517323879;0.0
0.002499069161197171;107.33544855043729;0.9874824534049034;4294.018170706838;0.3303536666515935;321.03352645316704;17068.737234276905;8.360304813037645;11.450179062204679;0.000449349486680012;3.682291710276866;-0.4541548719191217;0.9993151344254242;4.72097028624117;0.0
0.0013567145899341512;45.46326261233659;0.9898590098792966;2245.28358406603;0.423154669500896;337.43880612324585;8935.671073651785;8.13834889968425;10.615944318222121;0.0007145180174105744;3.0261215714297345;-0.5150623456247909;0.9996442663981668;3.9931455296358838;0.0
0.0020568492700542076;37.245183673346766;0.9914464073127598;2177.8586094787292;0.3772831867574898;189.98312731281237;8674.189254241566;7.783829857193505;10.590808820093768;0.0006926385939305706;3.308497756641486;-0.4430329530469941;0.9986714188187618;3.869520431480719;0.0
0.0014380695061232884;15.313331065575735;0.9962180264599858;2029.0892786430686;0.4362950953504311;370.68916343774026;8101.043783506684;8.11193242968106;10.381750187793578;0.0007806987517390645;2.797836448756464;-0.5409128915951403;0.9997533457090557;3.5087232136935373;1.0
0.004302112708614481;10.285205720155709;0.9854649075207892;353.9219441154065;0.6007553509060471;114.68365021866589;1405.402570741468;7.000481153786919;8.528144632248885;0.001370068336784894;2.031976466879768;-0.5839088100200067;0.9995233112886116;2.4969438113665072;1.0
0.007832188582897867;90.40228298611112;0.9922510171593759;5838.907118549558;0.37902953887853447;262.37120617671087;23265.226191212096;8.106374276855213;10.818745894783891;0.0005962254157478141;3.4546935585608316;-0.4882720948770071;0.9994994378064698;4.162531747847101;1.0
0.0008952742224613252;39.59293971969914;0.9884843286737742;1720.9701919917743;0.3526505709763832;295.94830177996437;6844.287828247394;8.093288396490944;10.961966676153182;0.0006807505627442746;3.3022882212252753;-0.4568828640426938;0.9991796010463478;4.0739237384523985;1.0
0.0007736796738289102;53.39432911920893;0.9857699370185815;1877.856475206609;0.2997727497241631;204.04220493620238;7458.031571707219;8.165512289405758;11.30109592562368;0.0004851353493529747;3.508474097395564;-0.42733150813079906;0.9988178665678471;4.053391697758604;1.0
0.0006790497173913067;39.334811310553604;0.9912266755492309;2242.7300042272827;0.31219121114062287;285.51783803104576;8931.585205598567;8.381305265142705;11.439563779762102;0.0005597529268080505;3.4953498978253243;-0.45251388202831505;0.9993308331485984;4.516884911148716;1.0
0.0005879860739947191;57.80979237252497;0.9814219579302716;1556.6141492923884;0.27876474144318086;188.38834806624854;6168.646804797025;8.136464831729512;11.42259946020796;0.00045548123122861626;3.607913189177169;-0.40282364078120897;0.9982495233048414;4.065442756005992;1.0
0.0012756195194143095;56.51228737144367;0.9881950583567676;2394.4115663442817;0.41952206494561417;312.07045904820257;9521.133978005677;8.274942311291467;10.698531740328646;0.000801072502985133;2.9011514162037075;-0.5319095039864798;0.9997568610252541;3.595568370900236;1.0
0.000852470075313571;33.41308925653591;0.9944314515556647;3002.756197240209;0.34000231998279595;345.0268151372069;11977.6116997043;8.547855432391648;11.447519780147815;0.0005245656726260155;3.4205689102843952;-0.48474967436368177;0.9996368412821861;4.593963000307694;1.0
0.0008300693194246112;19.824345023548624;0.9966462324463752;2956.3234763039027;0.3900352830146501;315.9953783400615;11805.469560192058;8.486007332581892;11.062578171797648;0.0006524629453307086;3.0531266978456624;-0.5235621966096465;0.9997803119599571;3.704573560075401;1.0
0.0006627556854616217;44.214524957348104;0.9914608548840038;2591.5076658393345;0.27711156947860044;329.9998659019367;10321.81613839999;8.364948197718338;11.604425880797262;0.00045242068465489336;3.6374362930023834;-0.4270790028720768;0.9990115537304942;4.603069182811466;1.0
0.0004899071071763194;31.313156973880194;0.9945662235929318;2881.3765041436363;0.30238579199142984;291.6278318285034;11494.192859600666;8.628996946210705;11.737493753154457;0.0004966111830343235;3.455843086338005;-0.46279849817861357;0.9995292969268218;4.434087255922284;1.0
0.0024486880608919456;44.30454248366011;0.9939099141626173;3644.997249691549;0.4159746935004651;372.07215614186845;14535.68445628252;8.333030123823722;10.827666271606411;0.0006432616651214182;3.229507880224209;-0.5256675789970376;0.9997549201654599;4.517902427204013;1.0
0.000797220802041292;65.41251566404748;0.9869590149655858;2509.7749858210727;0.31934323313049773;200.32228786704627;9973.687427620238;8.519431729876864;11.552032608858639;0.0005921620561579905;3.4326342398851084;-0.467372304539848;0.9994700367174577;3.923464266339593;1.0
0.0008230315687786022;42.63323156958862;0.9876788208983138;1731.155576801595;0.346865487850986;303.9597026984813;6881.989075636782;8.217271038080394;11.151132627041434;0.0006263142751798917;3.356641817647351;-0.4572368727345757;0.9992456109158067;3.9829342828154566;1.0
0.0012501892938144065;38.14217517000669;0.9943551887563131;3381.831297269622;0.3223091324627184;297.43232177828236;13489.183013908492;8.522398663826802;11.497140161168733;0.0005117245190626947;3.5054144259209585;-0.47614888265168714;0.999582144014555;4.854107671609092;1.0
0.0011672414304641945;22.98223639946174;0.9911322461585717;1297.5202909447144;0.37484447793017156;371.00056096212995;5167.098927379375;7.981360034784997;10.616055824345146;0.000623273611472257;3.150612759252609;-0.4815503351876803;0.9993502811658042;4.083300027822009;1.0
0.0009110500568089766;40.842370197159724;0.9917470801255159;2476.199150935934;0.33810002656342136;204.42012730980872;9863.95423354657;8.276906885510947;11.213245103647578;0.0006303449412173921;3.354398830743791;-0.462515647350265;0.9993428322241296;3.9607909759840467;1.0
0.001001008015532517;14.134151843641863;0.9970703552827018;2413.942238059307;0.43114237485445533;341.65434464809204;9641.634800393575;8.404079272317775;10.749084953547108;0.0007495579257274563;2.8317603172261405;-0.5500510560528086;0.9998339838605257;3.4363101852003064;1.0
0.0009764380823943037;119.49364060697808;0.9771421223170498;2619.5656553874774;0.3887499327596798;251.9708725610342;10358.768980942927;8.490866707019334;11.143176619711104;0.0006492082033399626;3.1581065867995544;-0.5143448055530917;0.9997402757893128;3.852848321538811;1.0
0.0007404274470214692;36.42578261666184;0.9767191470506342;782.8687144298065;0.26014348995955383;321.8473131577999;3095.0490751025536;7.745552577492238;11.038166957289217;0.0005007546702241957;3.502911270363463;-0.36740602271090395;0.9963036984266164;4.078541722668561;1.0
0.001417398513405486;12.608417510692995;0.9931740881451425;924.9764370681887;0.44458610274765414;316.5214137140763;3687.2973307620487;7.87365366110359;10.196794176166948;0.0009164478693756993;2.7339133482212152;-0.5179201303321399;0.9995596838279776;3.4086491061385793;1.0
0.0010897723917805246;46.708619461264874;0.9919317639658294;2896.342136302189;0.35507963754610805;277.3181930928008;11538.659925747495;8.342881159849828;11.183008739893836;0.0006280023630875827;3.3242502197470856;-0.479594575279793;0.9994929060998855;4.174310724859707;1.0
0.0005014991676186454;57.41891072544209;0.974109684313187;1108.8027411747644;0.19858686359897537;296.0909333549596;4377.792053973597;7.916985610907014;11.670982505188809;0.00037892453397209;3.9246760235937206;-0.3170260867465974;0.9933572933529039;4.885565228178241;1.0
0.0003776113135741278;44.35269535755474;0.9926767520754498;3030.7124851770104;0.24899867988961769;254.35452109765473;12078.497245350472;8.668368408140271;12.04422263311337;0.0004131165823290084;3.655260447180736;-0.4315928725686358;0.9992696509889565;4.444679948836233;1.0
0.017070816569250927;23.502430720756436;0.990168213894218;1195.1702010927188;0.5322405838559834;84.42279479346885;4757.178373650118;7.119356945225117;9.087127827007027;0.0013079616468422452;2.6356217760604737;-0.5497283773538036;0.9994271455360273;3.0792961431958656;1.0
0.0007201540322261434;29.958004418372717;0.9926505002342875;2038.487428952294;0.2935638805652682;305.8413336967752;8123.991711390798;8.26318095643976;11.335239717187942;0.0005639645178066107;3.39608266773566;-0.4410471602213321;0.9991216860839711;4.265585957975828;1.0
0.004849933328264774;48.524928422962304;0.9957961128640339;5773.866892931659;0.40136708877291216;304.3579580569973;23046.94264330367;8.476886426857032;11.020668951673168;0.0005759365991529653;3.364445720006992;-0.5371086544105792;0.9998269566397714;4.6063482533782665;1.0
0.0005250728707520181;54.644077548298704;0.9891998008510197;2531.216657670011;0.30079337431713776;316.88315002042475;10070.222553131764;8.509712821779843;11.705559104169767;0.00047375084504103053;3.554179425285997;-0.4438255547912793;0.9992814164108592;4.046322915706931;1.0
0.0009061410409586243;52.38200070285464;0.9913522007729267;3029.1748582074088;0.3078919109893147;279.74372488946557;12064.317432126783;8.493551501097858;11.601758451246242;0.0005100766418991657;3.5399213804567964;-0.4554262753878078;0.9993968994771067;4.351553372513514;1.0
0.005102807107728249;40.012875982194316;0.9965492292210827;5801.294585443122;0.4313269241102198;340.2463203004853;23165.165465790302;8.325363263911349;10.692596495618137;0.0006260412459617868;3.2511009082395357;-0.5540536020758584;0.9998455239143941;4.822370624764202;1.0
0.0040461012041514725;37.58833243223758;0.9965061121471379;5383.548830568935;0.43774023864903755;331.27620437451935;21496.6069898435;8.42375193977637;10.773648040432116;0.0006447196548013676;3.1825500223185568;-0.5618230704247312;0.9998790026038509;4.605449227942045;1.0
0.00640540756771821;28.356485786716632;0.9977058677128444;6183.313832397244;0.4798472418106269;310.21935172169356;24704.898843802275;8.42152202609065;10.587993609167146;0.0007409983599756371;2.970551922899352;-0.5908780454859068;0.9999237792334127;4.200006646174599;1.0
0.0033847603180881362;32.10276122765279;0.99667128781816;4827.924509635399;0.4297660944043899;311.5856448241061;19279.59527731397;8.479249013914199;10.889801971241946;0.0006480179346235904;3.1602163721910084;-0.5555829164295911;0.999870597022302;4.495089106392317;1.0
0.0006817403305304198;46.17292333477507;0.9911533564939973;2611.402410111942;0.37144971529638204;326.9876193351114;10399.436717112974;8.495282944675338;11.305322105909248;0.0006184266007004303;3.22795254567374;-0.49430471964042916;0.9996727611172626;3.6887028530264465;1.0
0.0005660628733407508;189.00851051879084;0.9462778085850625;1759.2704522466547;0.3030175332894768;256.49689587538444;6848.073298467811;8.351608900099663;11.46069374222077;0.0005042915684695675;3.5363234120374116;-0.44475054514012113;0.9992220313222091;4.057593424249987;1.0
0.0010102947288154667;103.19269631872352;0.9850818923767978;3459.7172128894963;0.28839695428485645;269.3713143682718;13735.676155239256;8.450147970573456;11.820755271809388;0.0004070184827923155;3.9712559631558246;-0.4168666088293142;0.9989143672414931;5.032238403045806;1.0
0.000471462738411109;62.43550548466933;0.9828908754049539;1825.168466175297;0.2818170005776618;261.90521355968855;7238.238359216521;8.29691178163228;11.653860017084018;0.0004654994895570204;3.6745070798219945;-0.405089568959497;0.9984907832791076;4.228688802826749;1.0
0.0006754045645468161;98.80305252186655;0.9566792268128842;1141.2890057790755;0.23528354575436952;311.03685968137245;4466.352970594442;7.901081539236758;11.537898828313642;0.00038379164820076886;3.9325143612916973;-0.3326458352785582;0.9944646502499985;4.702543916504776;1.0
0.0020022809996782538;38.34240527982024;0.9767871712985112;827.6665027079516;0.3242565523185273;328.65573684099866;3272.3236055519556;7.363539913337778;10.497599155464474;0.0005833454520305171;3.495536959873008;-0.3566326561311949;0.9940951985554326;4.535520814623866;1.0
0.0012619828465802753;20.063190900134554;0.9955721189375621;2267.9278104854775;0.42279543318530255;286.4594153690888;9051.64805104176;8.329903019060918;10.707546054286311;0.0008307414939654755;2.9251399221195493;-0.5410615299576325;0.9998020133787502;4.132008082372197;1.0
0.000307046770667213;69.69830709642913;0.9861042419816477;2508.5391669233222;0.2028147932434745;187.2914949328383;9964.458360596855;8.536545972024502;12.324519969601338;0.0003389112292785362;4.000200795685004;-0.36819898747793905;0.9979448297939089;4.780433663328921;1.0
0.0007072744026778734;36.48846687572084;0.9944477447593887;3288.524202963663;0.2902671741353981;253.45848859212802;13117.60834497894;8.63368256077303;11.754796380499355;0.0004939757804917809;3.4763778839506405;-0.4633629106021774;0.9995395755270307;4.226514472085915;1.0
0.0008146463833044338;38.9322581008506;0.9890388036231115;1777.9201970556396;0.2645770508868512;335.7306133007737;7072.748530121684;8.054570695333982;11.335304308317157;0.00046448208101912875;3.5861187727162305;-0.3958858750958767;0.9979442717724946;4.736264777358354;1.0
0.007986685696834278;54.07825717572564;0.9942428854557552;4697.120009759619;0.3412810207390215;266.17497790813627;18734.401781862754;8.211455311292145;11.208999758698514;0.00046094341188007693;3.6060834006115634;-0.46011127130211343;0.999286637371847;4.694806420633142;1.0
0.004844923666222608;76.26495330822277;0.9915498717296802;4516.0357020357305;0.32585266886447906;271.51731471969913;17987.877854834704;8.405616684089473;11.459746396701684;0.000454877093346229;3.6320099606990954;-0.460688374451316;0.9993982218139782;4.503829620329333;1.0
0.0007352917715086696;26.44682212069876;0.994839734199823;2564.5680600322494;0.3867992669127747;328.27214252030467;10231.825418008295;8.525805073624358;11.07072971125414;0.0006984263686917148;2.9771607756196783;-0.5308991895901888;0.9998153328660638;3.845757549339724;1.0
0.0008472950774014905;43.23902785286907;0.9685010681748918;687.4424973667892;0.2792422611863353;307.09738392385134;2706.530961614295;7.654235909881911;10.991929375400119;0.0005430283915253322;3.566557372478588;-0.3516869334041218;0.9950697117912338;4.061321644659641;1.0
0.0008630143226833597;36.925567900567074;0.9782840055458979;850.3844200830235;0.26342884348952256;309.7381909902441;3364.6121124315177;7.7055939030095875;11.020431796926827;0.000506733667719182;3.5350697085007425;-0.36047136024234017;0.9957537741802994;4.273661666116498;1.0
0.0006586437275673443;50.27964962394268;0.9924959248975482;3351.794844030117;0.33185654701510764;250.7480524617935;13356.899726496533;8.559915827419678;11.525459982940134;0.0005963874472640291;3.4021521138912583;-0.4777883065480241;0.9996037694005387;4.076245154106427;1.0
0.002123828696361406;14.273315296400416;0.9956623351276748;1646.5619447151503;0.4355726963104656;277.6292694666715;6571.974463564198;7.927012037289795;10.237110480388306;0.0009429084498168874;2.8680347434064832;-0.5279205027317319;0.9996495595939648;3.741036846829162;1.0
0.0017186195362892658;49.21518482975293;0.9926071374819636;3329.639083815692;0.30509486234216626;266.47137977280374;13269.34115043301;8.473105395895047;11.60737565590805;0.0004905849695606094;3.616576064375187;-0.45292220466689237;0.9993562161687719;4.512696757018052;1.0
0.0008213495093584294;33.31472379913972;0.9770668672362527;726.3244035299376;0.26222217492790856;278.3821781736592;2871.9828903205926;7.702343254163669;11.005487901120956;0.0005442308557382975;3.518507321901939;-0.3608823656315426;0.9957055536153737;4.330883222642982;1.0
0.0006377426716805492;80.62326714785176;0.986272252319268;2937.435256970107;0.3240588880080143;310.2735607248414;11669.117760732548;8.555970786947913;11.518017944044907;0.0005273325078463624;3.408747185200394;-0.4770124138080829;0.9995934471311376;4.27907902784215;1.0
0.0007078365403927376;99.49325597426468;0.9520903972552156;1039.628600004463;0.25474914092238654;265.9846406580402;4059.0211440435596;7.780937292466395;11.376745833212935;0.0004048802356125302;3.8542733540188587;-0.32936984019602805;0.9936030095155737;4.270702985229033;1.0
0.002719609725071285;34.087800605536316;0.993895341736812;2794.780797115878;0.40975308525101917;298.4591525194637;11145.035387857959;8.03731332092545;10.609012093250982;0.000641365258728118;3.144466068054399;-0.5011125348916914;0.9995465502166836;4.409576145314678;1.0
0.0003812061178438829;195.76524448229034;0.9776582269548417;4383.994185798084;0.2156810191747076;304.59822740952995;17340.21149871002;8.799209916714311;12.690748567250694;0.0002725029559551134;4.440891683493337;-0.3752229882794347;0.9984236471594465;5.749410249372102;1.0
0.0008744050180902691;63.24966498762493;0.9854845614285723;2180.1466119889137;0.3561064916117423;284.7147035845588;8657.336782968014;8.323585789873764;11.185182526617591;0.000575292340511815;3.357102440479947;-0.4751946559844859;0.9994769589383111;4.272121980206499;1.0
0.0003286660395438092;147.22388701160597;0.9731790761357249;2745.176244109579;0.19540374879517958;254.774523004974;10833.481089426703;8.529801784865576;12.456456967721818;0.00027751404767684443;4.273520850399189;-0.34895482814225137;0.9970478771318636;5.378272145978477;1.0
0.001159450227860621;20.898252039479992;0.9968691212197235;3339.1040005532627;0.3835100302505924;248.86604507581217;13335.51775017357;8.59606966088159;11.159186159644502;0.000639582433486603;3.0229855507706933;-0.5353308167742079;0.9998405532844512;3.8050169033523265;1.0
0.001447706664598107;43.98143433415031;0.9926954185948564;3011.089863710511;0.3887568420148341;287.93493271818534;12000.378020507884;8.295603353670584;10.951864676746721;0.0006015315499079024;3.2289892032118783;-0.5028460085006337;0.9996373036769224;4.184921666506266;1.0
0.000334750809211961;124.59602211288923;0.9837319461326687;3830.605894861715;0.265711889734489;252.81256806276429;15197.827557333976;8.82416200738569;12.135509370232;0.0004331747381779298;3.652383836351931;-0.4513162902121006;0.9995301138514716;4.411997511825426;1.0
0.0016698325222916344;14.58943534337753;0.9978970379579081;3471.313199302832;0.40712696647472735;274.80515540897727;13870.663361867948;8.615340383019452;11.073559060865461;0.0006831455895011541;2.9316653326453253;-0.5515568291616577;0.9998773675450298;3.7882749580855344;1.0
0.0005819295797553002;40.025357644896175;0.9936227847189675;3140.432263703302;0.2903729176634353;277.9151878784602;12521.703697168326;8.524941916881874;11.736695184838526;0.0005012214281305386;3.587365573867485;-0.44190972208618745;0.9992652732503736;4.3981819730326075;1.0
0.00548761063732343;148.73239694468472;0.9770280332384688;3246.0033664616512;0.3869929500101556;245.54638092920987;12835.281068901924;8.242334492199031;10.849766383620238;0.0006313070978316616;3.231610544381522;-0.5150259496936815;0.9996899336101646;3.963771813522955;1.0
0.0011055034710432368;27.468554041714707;0.978634352632233;643.0432361710314;0.2955872411125522;251.20937776336024;2544.7043906424096;7.580546948263281;10.68180639004876;0.0006783411302086231;3.3347272883507237;-0.37990893847661356;0.9964091710683514;4.010494088538578;1.0
0.00041708124304680737;95.86825447243842;0.9784222024621301;2221.992570086716;0.19626770180714606;292.4476550034842;8792.102025874447;8.331876950933266;12.098076927039132;0.0003284071292342975;4.051686742949574;-0.35332086149676317;0.9970220412901034;5.127612480302451;1.0
0.0020947464217880235;30.04812546556612;0.9919197697359917;1861.3817825729811;0.4665640917258754;308.3286684358179;7415.479004826353;8.097333658558505;10.323896423635677;0.0007947189834826947;2.8951519897870552;-0.5473279321325495;0.9997745208286695;3.924913460050856;1.0
0.006662104652782599;38.49129503976832;0.9973013241287755;7134.582804181795;0.4379368479635164;330.12855606918015;28499.839921687395;8.24396836049171;10.627610842914162;0.0006159478271064473;3.3202633881172976;-0.5489138585765974;0.9998177528341833;4.821191976554242;1.0
0.0013624172714559579;54.85246942281814;0.9893706584129475;2586.570154433486;0.4093079698707992;381.6043205437812;10291.428148311119;8.19674710300548;10.798969591740224;0.0006489291471669774;3.1569711831334653;-0.5020410089380487;0.9995925743810031;4.142000260781568;1.0
0.0007290627390449137;37.86186037221258;0.9941816803651139;3255.1846413336007;0.36577547201568983;305.0549209438677;12982.876704962186;8.527812095867297;11.338175793468285;0.0005937227090388895;3.255321530649912;-0.497505761805734;0.9996852629015875;3.983497899793662;1.0
0.00203258067747701;48.14100117743173;0.9931416850723118;3515.148290569701;0.33914281058276485;382.4792745278258;14012.452161101355;8.15345231179428;10.997743366549239;0.0005114653073664512;3.4989236371050705;-0.46691456132888826;0.9993376876794231;4.737280302367355;1.0
0.010011364328327504;139.7889856215157;0.9900208219093121;7007.941970063824;0.36701349731134825;249.93188387579295;27891.97889463377;8.398013972196281;11.226252282425888;0.0005059619149968095;3.549765620282464;-0.4999772098576405;0.9996927412952006;4.601578644902849;1.0
0.000606691912181389;11.023325193435204;0.9983956570818754;3436.877764554196;0.37399018043477883;241.31603517877738;13736.487733023347;8.733573244674716;11.187543570617631;0.0007414094861595517;2.7375382269210196;-0.554591604657013;0.9998983670564636;3.4170146632263583;1.0
0.0019998600083899025;52.03460991565742;0.9934677275683019;3984.292749954644;0.3715603716383591;251.904432279652;15885.136389902924;8.397771114353938;11.215006511933176;0.0006075197869097506;3.4333106796125827;-0.490511323012777;0.9996162532328419;4.216186173350789;1.0
0.0026486723213699015;15.70437515018261;0.9949398752278984;1551.2945433362047;0.4654132090288742;336.2937867647059;6189.473798194638;7.816365657093468;10.013729042467007;0.0009512357067761359;2.8124198176779425;-0.5324064048601107;0.9996255910892863;4.363060704553748;1.0
0.0008532170983702045;30.88335302227506;0.9954107617369172;3364.829639822925;0.3264194744430423;296.8435014627787;13428.435206269427;8.678180945682831;11.527057179343057;0.0005450832001693282;3.213227103367346;-0.5022377191349693;0.9997502090659586;4.086073691731173;1.0
0.0019782289404202593;138.79913198949922;0.9797542748872493;3431.720796200181;0.39717266761041436;259.44727182754224;13588.084052811231;8.56215203754483;11.135732325770697;0.0006642757373163993;3.0638612196300463;-0.5342002956063863;0.9998252760613013;3.5355103744052423;1.0
0.0009027139012789838;78.90435811947324;0.941571757165229;675.9900325028593;0.25950257107658414;290.23408043180507;2625.05577189197;7.534102580278926;11.079865213945101;0.000450915055282864;3.83027210962507;-0.3132486645388479;0.9911743181978364;4.316700297680933;1.0
0.0006226529341951657;35.27529222534601;0.993795204499685;2841.5361671599894;0.3343329322935784;271.9324662389465;11330.869376414597;8.483585962157035;11.399780635336612;0.0005880319764774139;3.301593269438512;-0.47850969131773596;0.9995705998250383;3.9154964026469115;1.0
0.0056732728816363525;90.59168497392827;0.991277341472681;5194.162618134009;0.4565275578299338;370.2214150356834;20686.058787562084;8.065282887117881;10.50837389226201;0.0006536595284104006;3.4228865045037473;-0.5262887253563822;0.9996842074218307;5.175585416424935;1.0
0.00046682137351225695;57.04493680315258;0.9929142425724506;4027.4134302659495;0.2548572089906379;281.6343124339196;16052.608784260632;8.7245248291692;12.121462615770678;0.0004004484564972486;3.8022361180688424;-0.43290459447863394;0.9993149882453346;4.832486001824308;1.0
0.00314460896135245;62.34363589124377;0.9921519733676811;3976.827968216282;0.378341432300234;264.18286236063045;15844.968236973891;8.255533573860452;10.906824433865298;0.0006786296735005499;3.238075909875736;-0.5043051886943342;0.9996427357130115;3.7064257896318606;1.0
0.0007029612727556381;44.125334862192396;0.983016908528171;1299.3732083844466;0.3043278148475839;244.71687041943;5153.36749867558;8.066944196420277;11.223557649053646;0.0005545700785454712;3.4981648252217346;-0.41489250549334183;0.9984585072740172;4.214698140288233;1.0
0.027520275122384644;98.52161647563435;0.9938975865443515;8077.37064942042;0.49150427011288433;315.61786323168974;32210.960981206004;7.555919738696111;9.873620104001628;0.0007317024737680464;3.3065136176115333;-0.5418601862131343;0.9996513687075196;4.743564617199807;1.0
0.0005959807899600118;58.516533980320055;0.9848716513586648;1935.7060955366287;0.3094708068011609;262.63860959426665;7684.307848166172;8.365977999779812;11.390907940400105;0.000549698663043739;3.3645743147321294;-0.45516712278084676;0.9993169131797696;4.075222749288331;1.0
0.04287423404152286;127.87760753075733;0.9908656213575548;7007.214651141375;0.4237145426327204;179.76377330834296;27900.98099703473;7.777283594001254;10.432732919206078;0.0005685869333813963;3.573250846024551;-0.5031032523690971;0.9995020714627647;4.886002691838252;1.0
0.0016524464999737047;49.33310783412629;0.994416905051857;4422.844563086116;0.3866232308980675;303.063410812548;17642.045144510354;8.515691380778732;11.19962156240901;0.0006262536054128817;3.283481654402996;-0.5128892488160643;0.9997592358063386;4.069639846615558;1.0
0.0019717435724076813;34.79973567858513;0.9950846201693163;3543.9354072598644;0.29822736095794344;261.92162791955013;14140.941893360872;8.590524933670206;11.695618775326528;0.00045808047086790096;3.5150355274911114;-0.46647502444264954;0.9995467511608481;4.419086426367818;1.0
0.0009034050906745127;70.94956616745961;0.9900803760066239;3577.939701115838;0.38223056485903995;333.8757611405469;14240.809238295868;8.613740761564717;11.33650742767622;0.0005977485643703425;3.2809512377147994;-0.5139458307873566;0.9997753255084381;4.342862680763471;1.0
0.0018824570940793744;35.29656892781621;0.9949322538004102;3484.586612593681;0.4305836549416359;350.44832903811033;13903.049881446903;8.454134659207025;10.849508474779357;0.0006730745813224071;3.0771141557416213;-0.552655171202941;0.9998597579834381;4.292727102487463;1.0
0.03556451521205665;182.45291459414648;0.9881439188940563;7701.357102990958;0.5290379811004509;270.5598694312283;30622.975497369694;7.6566636516576;9.659831220309425;0.0008433240637124846;3.0016351757626643;-0.5893326876858516;0.9998299743945195;4.102821979400128;1.0
0.0014268496905452499;16.692239643406367;0.9981940886036165;4623.6760552117585;0.42804360440422934;312.9168604623221;18478.011981203636;8.45032261370705;10.767242330945901;0.0007515172067631614;2.877007590614871;-0.5570971508942554;0.9998646842474515;3.5611172068096897;1.0
0.001327864317894228;209.09901442654265;0.9714959396233142;3669.1294557708147;0.3501132306572824;246.3097048160563;14467.418808656708;8.605877024351562;11.418509226576367;0.0005620465822132442;3.397630357532093;-0.503567259874776;0.9997374644984763;4.077410277375209;1.0
0.0010932385012861086;29.192208465494033;0.9935667540410599;2271.7585910919242;0.4123872216251152;385.4057609453095;9057.84215590218;8.272225362342883;10.652953595795498;0.0007758778886127153;2.8175144724005694;-0.5364399164107199;0.9997706848267591;3.6554622146701217;1.0
0.0007469696085344623;47.95462894379564;0.988910614358331;2163.1592172516675;0.30656771122152626;275.8241990610582;8604.682240062877;8.28479557039525;11.386683149844545;0.0005429279006870429;3.5549993153842707;-0.4397886150527872;0.9991037821847961;4.41762255332657;1.0
0.0008180033439405106;53.056703386317736;0.9909383456590024;2929.2154026168246;0.2924940490024073;286.38187456447037;11663.80490708098;8.510229279846968;11.713682852390805;0.00047328384722631007;3.5870642534495274;-0.44524483840443985;0.999310619807813;4.468768581479712;1.0
0.11922520999466737;102.19117831783448;0.9945471117912419;9371.917699356523;0.5713636432402669;232.1416438839629;37385.479619108264;6.501889469603174;8.32944691934489;0.0009862216942885247;2.906002854823306;-0.5686593845191408;0.9992909137065177;4.562174885740939;1.0
0.0033640993119598544;7.599948382232794;0.9917567883513438;461.19704348294044;0.5918226299416094;131.6278809982939;1837.1882255495293;7.372614028491477;8.860380541454486;0.0016592245706504578;1.9804811920656549;-0.6124000922312373;0.9997791490132599;2.6871104488294137;1.0
0.0004238268351629235;102.17441323649554;0.9873504353342191;4040.4433848292856;0.279722363057639;311.12534373798536;16059.599126080648;8.806815904364116;12.083102702516285;0.00041744301196722624;3.7431893341212104;-0.45416073467695833;0.9995423656128917;4.64021160823426;1.0
